500,1,4,7,8,11,13,16,18,19,20,21,22,28,30,35,41,45,48,49,50,51,52,53,54,55,57,75,78,91,94,97,500,0,0,0,100,100,100,100,100,100,100,100,100,100,100,100,59,59,100,66,66,66
-11,3,-11,-11,-11,-11,-11,-11,-11,-11,-11,-11,-11,-11,-11,-11,2,-11,-11,-11,-11,-11,-11,-11,-11,-11,-11,-11,-11,-11,-11,-11,-11,-11,-11,-11,-11,-11,-11,-11,-11,-11,-11,-11,-11,-11,-11,-11,-11,-11,-11,-11,-11,-11
-34,-34,-34,-34,-34,-34,-34,-34,-34,-34,-34,-34,-34,-34,-34,-34,-34,-34,-34,-34,-34,-34,-34,-34,-34,-34,-34,-34,-34,-34,-34,-34,-34,-34,-34,-34,-34,-34,-34,-34,-34,-34,-34,-34,-34,-34,-34,-34,-34,-34,-34,-34,-34,-34
-1,-1,-1,-1,-1,-1,-1,-1,-1,-1,-1,-1,-1,-1,-1,-1,-1,-1,-1,-1,-1,-1,-1,-1,-1,-1,-1,-1,-1,-1,-1,-1,-1,-1,-1,-1,-1,-1,-1,-1,-1,-1,-1,-1,-1,-1,-1,-1,-1,-1,-1,-1,-1,-1
-12,-12,5,-12,-12,-12,-12,-12,-12,-12,-12,-12,-12,-12,-12,-12,6,-12,-12,-12,-12,-12,-12,-12,-12,-12,-12,-12,-12,-12,-12,-12,-12,-12,-12,-12,-12,-12,-12,-12,-12,-12,-12,-12,-12,-12,-12,-12,-12,-12,-12,-12,-12,-12
-2,-2,-2,-2,-2,-2,-2,-2,-2,-2,-2,-2,-2,-2,-2,-2,-2,-2,-2,-2,-2,-2,-2,-2,-2,-2,-2,-2,-2,-2,-2,-2,-2,-2,-2,-2,-2,-2,-2,-2,-2,-2,-2,-2,-2,-2,-2,-2,-2,-2,-2,-2,-2,-2
-35,-35,-35,-35,-35,-35,-35,-35,-35,-35,-35,-35,-35,-35,-35,-35,-35,-35,-35,-35,-35,-35,-35,-35,-35,-35,-35,-35,-35,-35,-35,-35,-35,-35,-35,-35,-35,-35,-35,-35,-35,-35,-35,-35,-35,-35,-35,-35,-35,-35,-35,-35,-35,-35
-3,-3,-3,-3,-3,-3,-3,-3,-3,-3,-3,-3,-3,-3,-3,-3,-3,-3,-3,-3,-3,-3,-3,-3,-3,-3,-3,-3,-3,-3,-3,-3,-3,-3,-3,-3,-3,-3,-3,-3,-3,-3,-3,-3,-3,-3,-3,-3,-3,-3,-3,-3,-3,-3
-13,-13,-13,-13,9,-13,-13,-13,-13,-13,-13,-13,-13,-13,-13,-13,10,-13,-13,-13,-13,-13,-13,-13,-13,-13,-13,-13,-13,-13,-13,-13,-13,-13,-13,-13,-13,-13,-13,-13,-13,-13,-13,-13,-13,-13,-13,-13,-13,-13,-13,-13,-13,-13
-16,-16,-16,-16,-16,-16,-16,-16,-16,-16,-16,-16,-16,-16,-16,-16,-16,-16,-16,-16,-16,-16,-16,-16,-16,-16,-16,-16,-16,-16,-16,-16,-16,-16,-16,-16,-16,-16,-16,-16,-16,-16,-16,-16,-16,-16,-16,-16,-16,-16,-16,-16,-16,-16
-36,-36,-36,-36,-36,-36,-36,-36,-36,-36,-36,-36,-36,-36,-36,-36,-36,-36,-36,-36,-36,-36,-36,-36,-36,-36,-36,-36,-36,-36,-36,-36,-36,-36,-36,-36,-36,-36,-36,-36,-36,-36,-36,-36,-36,-36,-36,-36,-36,-36,-36,-36,-36,-36
-4,-4,-4,-4,-4,12,-4,-4,-4,-4,-4,-4,-4,-4,-4,-4,-4,-4,-4,-4,-4,-4,-4,-4,-4,-4,-4,-4,-4,-4,-4,-4,-4,-4,-4,-4,-4,-4,-4,-4,-4,-4,-4,-4,-4,-4,-4,-4,-4,-4,-4,-4,-4,-4
-31,-31,-31,-31,-31,-31,-31,-31,-31,-31,-31,-31,-31,-31,-31,-31,-31,-31,-31,-31,-31,-31,-31,-31,-31,-31,-31,-31,-31,-31,-31,-31,-31,-31,-31,-31,-31,-31,-31,-31,-31,-31,-31,-31,-31,-31,-31,-31,-31,-31,-31,-31,-31,-31
-5,-5,-5,-5,-5,-5,14,-5,-5,-5,-5,-5,-5,-5,-5,-5,15,-5,-5,-5,-5,-5,-5,-5,-5,-5,-5,-5,-5,-5,-5,-5,-5,-5,-5,-5,-5,-5,-5,-5,-5,-5,-5,-5,-5,-5,-5,-5,-5,-5,-5,-5,-5,-5
-30,-30,-30,-30,-30,-30,-30,-30,-30,-30,-30,-30,-30,-30,-30,-30,-30,-30,-30,-30,-30,-30,-30,-30,-30,-30,-30,-30,-30,-30,-30,-30,-30,-30,-30,-30,-30,-30,-30,-30,-30,-30,-30,-30,-30,-30,-30,-30,-30,-30,-30,-30,-30,-30
-39,-39,-39,-39,-39,-39,-39,-39,-39,-39,-39,-39,-39,-39,-39,-39,-39,-39,-39,-39,-39,-39,-39,-39,-39,-39,-39,-39,-39,-39,-39,-39,-39,-39,-39,-39,-39,-39,-39,-39,-39,-39,-39,-39,-39,-39,-39,-39,-39,-39,-39,-39,-39,-39
-6,-6,-6,-6,-6,-6,-6,-6,-6,-6,-6,-6,-6,-6,-6,-6,17,-6,-6,-6,-6,-6,-6,-6,-6,-6,-6,-6,-6,-6,-6,-6,-6,-6,-6,-6,-6,-6,-6,-6,-6,-6,-6,-6,-6,-6,-6,-6,-6,-6,-6,-6,-6,-6
-40,-40,-40,-40,-40,-40,-40,-40,-40,-40,-40,-40,-40,-40,-40,-40,-40,-40,-40,-40,-40,-40,-40,-40,-40,-40,-40,-40,-40,-40,-40,-40,-40,-40,-40,-40,-40,-40,-40,-40,-40,-40,-40,-40,-40,-40,-40,-40,-40,-40,-40,-40,-40,-40
-7,-7,-7,-7,-7,-7,-7,-7,-7,-7,-7,-7,-7,-7,-7,-7,-7,-7,-7,-7,-7,-7,-7,-7,-7,-7,-7,-7,-7,-7,-7,-7,-7,-7,-7,-7,-7,-7,-7,-7,-7,-7,-7,-7,-7,-7,-7,-7,-7,-7,-7,-7,-7,-7
-8,-8,-8,-8,-8,-8,-8,-8,-8,-8,-8,-8,-8,-8,-8,-8,-8,-8,-8,-8,-8,-8,-8,-8,-8,-8,-8,-8,-8,-8,-8,-8,-8,-8,-8,-8,-8,-8,-8,-8,-8,-8,-8,-8,-8,-8,-8,-8,-8,-8,-8,-8,-8,-8
-9,-9,-9,-9,-9,-9,-9,-9,-9,-9,-9,-9,-9,-9,-9,-9,-9,-9,-9,-9,-9,-9,-9,-9,-9,-9,-9,-9,-9,-9,-9,-9,-9,-9,-9,-9,-9,-9,-9,-9,-9,-9,-9,-9,-9,-9,-9,-9,-9,-9,-9,-9,-9,-9
-10,-10,-10,-10,-10,-10,-10,-10,-10,-10,-10,-10,-10,-10,-10,-10,-10,-10,-10,-10,-10,-10,-10,-10,-10,-10,-10,-10,-10,-10,-10,-10,-10,-10,-10,-10,-10,-10,-10,-10,-10,-10,-10,-10,-10,-10,-10,-10,-10,-10,-10,-10,-10,-10
-14,-14,-14,-14,25,-14,-14,-14,-14,-14,-14,-14,24,-14,-14,-14,23,-14,-14,-14,-14,-14,-14,-14,-14,-14,-14,-14,-14,-14,-14,-14,-14,-14,-14,-14,-14,-14,-14,-14,-14,-14,-14,-14,-14,-14,-14,-14,-14,-14,-14,-14,-14,-14
-37,-37,-37,-37,-37,-37,-37,-37,-37,-37,-37,-37,-37,-37,-37,-37,-37,-37,-37,-37,-37,-37,-37,-37,-37,-37,-37,-37,-37,-37,-37,-37,-37,-37,-37,-37,-37,-37,-37,-37,-37,-37,-37,-37,-37,-37,-37,-37,-37,-37,-37,-37,-37,-37
24,24,24,24,24,24,24,24,24,24,24,24,24,24,24,24,24,24,24,24,24,24,24,24,24,24,24,24,24,24,24,24,24,-52,24,24,24,24,24,24,24,24,24,24,24,24,24,24,24,24,24,24,24,24
25,25,25,25,26,25,25,25,25,25,25,25,25,25,25,25,25,25,25,25,25,25,25,25,25,25,25,25,25,25,25,25,25,25,25,25,25,25,25,25,25,25,25,25,25,25,25,25,25,25,25,25,25,25
25,25,25,25,25,25,25,25,25,25,25,25,27,25,25,25,25,25,25,25,25,25,25,25,25,25,25,25,25,25,25,25,25,25,25,25,25,25,25,25,25,25,25,25,25,25,25,25,25,25,25,25,25,25
-51,-51,-51,-51,-51,-51,-51,-51,-51,-51,-51,-51,-51,-51,-51,-51,-51,-51,-51,-51,-51,-51,-51,-51,-51,-51,-51,-51,-51,-51,-51,-51,-51,-51,-51,-51,-51,-51,-51,-51,-51,-51,-51,-51,-51,-51,-51,-51,-51,-51,-51,-51,-51,-51
-15,-15,-15,-15,-15,-15,-15,-15,-15,-15,-15,-15,-15,-15,-15,-15,29,-15,-15,-15,-15,-15,-15,-15,-15,-15,-15,-15,-15,-15,-15,-15,-15,-15,-15,-15,-15,-15,-15,-15,-15,-15,-15,-15,-15,-15,-15,-15,-15,-15,-15,-15,-15,-15
-38,-38,-38,-38,-38,-38,-38,-38,-38,-38,-38,-38,-38,-38,-38,-38,-38,-38,-38,-38,-38,-38,-38,-38,-38,-38,-38,-38,-38,-38,-38,-38,-38,-38,-38,-38,-38,-38,-38,-38,-38,-38,-38,-38,-38,-38,-38,-38,-38,-38,-38,-38,-38,-38
-20,-20,-20,-20,-20,-20,-20,-20,-20,-20,-20,-20,-20,-20,31,33,34,-20,-20,-20,-20,-20,-20,-20,-20,-20,-20,-20,-20,-20,-20,-20,-20,-20,-20,-20,-20,-20,-20,-20,-20,-20,-20,-20,-20,-20,-20,-20,-20,-20,-20,-20,-20,-20
-17,-17,-17,-17,-17,-17,-17,-17,-17,-17,-17,-17,-17,-17,-17,-17,32,-17,-17,-17,-17,-17,-17,-17,-17,-17,-17,-17,-17,-17,-17,-17,-17,-17,-17,-17,-17,-17,-17,-17,-17,-17,-17,-17,-17,-17,-17,-17,-17,-17,-17,-17,-17,-17
-41,-41,-41,-41,-41,-41,-41,-41,-41,-41,-41,-41,-41,-41,-41,-41,-41,-41,-41,-41,-41,-41,-41,-41,-41,-41,-41,-41,-41,-41,-41,-41,-41,-41,-41,-41,-41,-41,-41,-41,-41,-41,-41,-41,-41,-41,-41,-41,-41,-41,-41,-41,-41,-41
-26,-26,-26,-26,-26,-26,-26,-26,-26,-26,-26,-26,-26,-26,-26,-26,-26,-26,-26,-26,-26,-26,-26,-26,-26,-26,-26,-26,-26,-26,-26,-26,-26,-26,-26,-26,-26,-26,-26,-26,-26,-26,-26,-26,-26,-26,-26,-26,-26,-26,-26,-26,-26,-26
-22,-22,-22,-22,-22,-22,-22,-22,-22,-22,-22,-22,-22,-22,-22,-22,-22,-22,-22,-22,-22,-22,-22,-22,-22,-22,-22,-22,-22,-22,-22,-22,-22,-22,-22,-22,-22,-22,-22,-22,-22,-22,-22,-22,-22,-22,-22,-22,-22,-22,-22,-22,-22,-22
-21,-21,-21,-21,-21,-21,-21,-21,-21,-21,-21,-21,-21,-21,-21,37,36,-21,-21,-21,-21,-21,-21,-21,-21,-21,-21,-21,-21,-21,-21,-21,-21,-21,-21,-21,-21,-21,-21,-21,-21,-21,-21,-21,-21,-21,-21,-21,-21,-21,-21,-21,-21,-21
-23,-23,-23,-23,-23,-23,-23,-23,-23,-23,-23,-23,-23,-23,-23,-23,-23,-23,-23,-23,-23,-23,-23,-23,-23,-23,-23,-23,-23,-23,-23,-23,-23,-23,-23,-23,-23,-23,-23,-23,-23,-23,-23,-23,-23,-23,-23,-23,-23,-23,-23,-23,-23,-23
-18,-18,-18,-18,-18,-18,-18,-18,-18,-18,-18,-18,-18,-18,-18,39,38,-18,-18,-18,-18,-18,-18,-18,-18,-18,-18,-18,-18,-18,-18,-18,-18,-18,-18,-18,-18,-18,-18,-18,-18,-18,-18,-18,-18,-18,-18,-18,-18,-18,-18,-18,-18,-18
-42,-42,-42,-42,-42,-42,-42,-42,-42,-42,-42,-42,-42,-42,-42,-42,-42,-42,-42,-42,-42,-42,-42,-42,-42,-42,-42,-42,-42,-42,-42,-42,-42,-42,-42,-42,-42,-42,-42,-42,-42,-42,-42,-42,-42,-42,-42,-42,-42,-42,-42,-42,-42,-42
-19,-19,-19,-19,-19,-19,-19,-19,-19,-19,-19,-19,-19,-19,-19,-19,40,-19,-19,-19,-19,-19,-19,-19,-19,-19,-19,-19,-19,-19,-19,-19,-19,-19,-19,-19,-19,-19,-19,-19,-19,-19,-19,-19,-19,-19,-19,-19,-19,-19,-19,-19,-19,-19
-43,-43,-43,-43,-43,-43,-43,-43,-43,-43,-43,-43,-43,-43,-43,-43,-43,-43,-43,-43,-43,-43,-43,-43,-43,-43,-43,-43,-43,-43,-43,-43,-43,-43,-43,-43,-43,-43,-43,-43,-43,-43,-43,-43,-43,-43,-43,-43,-43,-43,-43,-43,-43,-43
-33,-33,-33,-33,-33,-33,-33,-33,-33,-33,-33,-33,-33,-33,-33,42,43,-33,-33,-33,-33,-33,-33,-33,-33,-33,-33,-33,-33,-33,-33,-33,-33,-33,-33,-33,-33,-33,-33,-33,-33,-33,-33,-33,-33,-33,-33,-33,-33,-33,-33,-33,-33,-33
-44,-44,-44,-44,-44,-44,-44,-44,-44,-44,-44,-44,-44,-44,-44,-44,-44,-44,-44,-44,-44,-44,-44,-44,-44,-44,-44,-44,-44,-44,-44,-44,-44,-44,-44,-44,-44,-44,-44,-44,-44,-44,-44,-44,-44,-44,-44,-44,-44,-44,-44,-44,-44,-44
-24,-24,-24,-24,-24,-24,-24,-24,-24,-24,-24,-24,-24,-24,-24,-24,44,-24,-24,-24,-24,-24,-24,-24,-24,-24,-24,-24,-24,-24,-24,-24,-24,-24,-24,-24,-24,-24,-24,-24,-24,-24,-24,-24,-24,-24,-24,-24,-24,-24,-24,-24,-24,-24
-27,-27,-27,-27,-27,-27,-27,-27,-27,-27,-27,-27,-27,-27,-27,-27,-27,-27,-27,-27,-27,-27,-27,-27,-27,-27,-27,-27,-27,-27,-27,-27,-27,-27,-27,-27,-27,-27,-27,-27,-27,-27,-27,-27,-27,-27,-27,-27,-27,-27,-27,-27,-27,-27
-29,-29,-29,-29,-29,-29,-29,-29,-29,-29,-29,-29,-29,-29,-29,-29,46,-29,-29,-29,-29,-29,-29,-29,-29,-29,-29,-29,-29,-29,-29,-29,-29,-29,-29,-29,-29,-29,-29,-29,-29,-29,-29,-29,-29,-29,-29,-29,-29,-29,-29,-29,-29,-29
-25,-25,-25,-25,-25,-25,-25,-25,-25,-25,-25,-25,-25,-25,-25,-25,47,-25,-25,-25,-25,-25,-25,-25,-25,-25,-25,-25,-25,-25,-25,-25,-25,-25,-25,-25,-25,-25,-25,-25,-25,-25,-25,-25,-25,-25,-25,-25,-25,-25,-25,-25,-25,-25
-28,-28,-28,-28,-28,-28,-28,-28,-28,-28,-28,-28,-28,-28,-28,-28,-28,-28,-28,-28,-28,-28,-28,-28,-28,-28,-28,-28,-28,-28,-28,-28,-28,-28,-28,-28,-28,-28,-28,-28,-28,-28,-28,-28,-28,-28,-28,-28,-28,-28,-28,-28,-28,-28
-32,-32,-32,-32,-32,-32,-32,-32,-32,-32,-32,-32,-32,-32,-32,-32,-32,-32,-32,-32,-32,-32,-32,-32,-32,-32,-32,-32,-32,-32,-32,-32,-32,-32,-32,-32,-32,-32,-32,-32,-32,-32,-32,-32,-32,-32,-32,-32,-32,-32,-32,-32,-32,-32
-45,-45,-45,-45,-45,-45,-45,-45,-45,-45,-45,-45,-45,-45,-45,-45,-45,-45,-45,-45,-45,-45,-45,-45,-45,-45,-45,-45,-45,-45,-45,-45,-45,-45,-45,-45,-45,-45,-45,-45,-45,-45,-45,-45,-45,-45,-45,-45,-45,-45,-45,-45,-45,-45
-46,-46,-46,-46,-46,-46,-46,-46,-46,-46,-46,-46,-46,-46,-46,-46,-46,-46,-46,-46,-46,-46,-46,-46,-46,-46,-46,-46,-46,-46,-46,-46,-46,-46,-46,-46,-46,-46,-46,-46,-46,-46,-46,-46,-46,-46,-46,-46,-46,-46,-46,-46,-46,-46
-47,-47,-47,-47,-47,-47,-47,-47,-47,-47,-47,-47,-47,-47,-47,-47,-47,-47,-47,-47,-47,-47,-47,-47,-47,-47,-47,-47,-47,-47,-47,-47,-47,-47,-47,-47,-47,-47,-47,-47,-47,-47,-47,-47,-47,-47,-47,-47,-47,-47,-47,-47,-47,-47
-48,-48,-48,-48,-48,-48,-48,-48,-48,-48,-48,-48,-48,-48,-48,-48,-48,-48,-48,-48,-48,-48,-48,-48,-48,-48,-48,-48,-48,-48,-48,-48,-48,-48,-48,-48,-48,-48,-48,-48,-48,-48,-48,-48,-48,-48,-48,-48,-48,-48,-48,-48,-48,-48
-49,-49,-49,-49,-49,-49,-49,-49,-49,-49,-49,-49,-49,-49,-49,-49,-49,-49,-49,-49,-49,-49,-49,-49,-49,-49,-49,-49,-49,-49,-49,-49,-49,-49,-49,-49,-49,-49,-49,-49,-49,-49,-49,-49,-49,-49,-49,-49,-49,-49,-49,-49,-49,-49
-50,-50,-50,-50,-50,-50,-50,-50,-50,-50,-50,-50,-50,-50,-50,-50,-50,-50,-50,-50,-50,-50,-50,-50,-50,-50,-50,-50,-50,-50,-50,-50,-50,-50,-50,-50,-50,-50,-50,-50,-50,-50,-50,-50,-50,-50,-50,-50,-50,-50,-50,-50,-50,-50
55,55,55,55,55,55,55,55,55,55,55,55,55,55,55,55,55,55,55,55,55,55,55,55,55,56,55,55,55,55,55,55,55,501,55,55,55,55,55,55,55,55,55,55,55,55,55,55,55,55,55,55,55,55
-53,-53,-53,-53,-53,-53,-53,-53,-53,-53,-53,-53,-53,-53,-53,-53,-53,-53,-53,-53,-53,-53,-53,-53,-53,-53,-53,-53,-53,-53,-53,-53,-53,-53,-53,-53,-53,-53,-53,-53,-53,-53,-53,-53,-53,-53,-53,-53,-53,-53,-53,-53,-53,-53
57,57,57,57,57,57,57,57,57,57,57,57,57,57,57,57,57,57,57,57,57,57,57,57,57,57,58,57,57,57,57,57,57,501,57,57,57,57,57,57,57,57,57,57,57,57,57,57,57,57,57,57,57,57
-53,-53,-53,-53,-53,-53,-53,-53,-53,-53,-53,-53,-53,-53,-53,-53,-53,-53,-53,-53,-53,-53,-53,-53,-53,-53,-53,-53,-53,-53,-53,-53,-53,-53,-53,-53,-53,-53,-53,-53,-53,-53,-53,-53,-53,-53,-53,-53,-53,-53,-53,-53,-53,-53
502,502,502,502,502,502,502,502,502,502,502,502,502,502,502,502,502,502,502,502,502,502,502,502,502,502,502,502,502,502,502,502,502,502,502,502,502,62,62,502,502,502,502,60,502,61,61,502,502,502,502,502,502,502
505,505,505,505,505,505,505,505,505,505,505,505,505,505,505,505,505,505,505,505,505,505,505,505,505,505,505,505,505,505,505,505,505,505,505,505,63,63,63,63,63,63,505,505,505,505,505,505,505,505,505,63,63,63
504,504,504,504,504,504,504,504,504,504,504,504,504,504,504,504,504,504,504,504,504,504,504,504,504,504,504,504,504,504,504,504,504,504,504,504,504,504,504,504,504,504,504,504,504,504,504,504,504,504,504,64,64,504
503,503,503,503,503,503,503,503,503,503,503,503,503,503,503,503,503,503,503,503,503,503,503,503,503,503,503,503,503,503,503,503,503,503,503,503,503,503,503,503,503,503,503,503,503,503,503,503,503,503,503,65,503,503
-57,-57,-57,-57,-57,-57,-57,-57,-57,-57,-57,-57,-57,-57,-57,-57,-57,-57,-57,-57,-57,-57,-57,-57,-57,-57,-57,-57,-57,-57,-57,-57,-57,-57,-57,-57,63,63,63,63,63,63,-57,-57,-57,-57,-57,-57,-57,-57,-57,63,63,63
-56,-56,-56,-56,-56,-56,-56,-56,-56,-56,-56,-56,-56,-56,-56,-56,-56,-56,-56,-56,-56,-56,-56,-56,-56,-56,-56,-56,-56,-56,-56,-56,-56,-56,-56,-56,-56,-56,-56,-56,-56,-56,-56,-56,-56,-56,-56,-56,-56,-56,-56,64,64,-56
-54,-54,-54,-54,-54,-54,-54,-54,-54,-54,-54,-54,-54,-54,-54,-54,-54,-54,-54,-54,-54,-54,-54,-54,-54,-54,-54,-54,-54,-54,-54,-54,-54,-54,-54,-54,-54,-54,-54,-54,-54,-54,-54,-54,-54,-54,-54,-54,-54,-54,-54,65,-54,-54
-55,-55,-55,-55,-55,-55,-55,69,-55,67,-55,-55,-55,-55,-55,-55,-55,-55,-55,-55,-55,-55,-55,-55,-55,-55,-55,-55,-55,-55,-55,-55,-55,-55,-55,-55,-55,-55,-55,-55,-55,-55,-55,-55,-55,-55,-55,-55,-55,-55,-55,66,66,66
506,506,506,506,506,506,506,506,506,506,506,506,506,506,506,506,506,506,506,506,506,506,506,506,506,506,506,506,506,506,506,506,506,506,506,506,506,506,506,506,506,506,506,506,506,506,506,506,506,506,506,68,68,68
-58,-58,-58,-58,-58,-58,-58,72,-58,-58,-58,-58,-58,-58,-58,-58,-58,-58,-58,-58,-58,-58,-58,-58,-58,-58,-58,-58,-58,-58,-58,-58,-58,-58,-58,-58,-58,-58,-58,-58,-58,-58,-58,-58,-58,-58,-58,-58,-58,-58,-58,68,68,68
507,70,70,507,507,507,507,507,507,507,507,507,507,507,507,507,507,507,507,507,507,507,507,507,507,507,507,507,507,507,507,507,507,507,507,507,507,507,507,507,507,507,507,507,507,507,507,507,507,507,507,71,71,71
507,507,507,507,507,507,507,507,507,507,507,507,507,507,507,507,507,507,507,507,507,507,507,507,507,507,507,507,507,507,507,507,507,507,507,507,507,507,507,507,507,507,507,507,507,507,507,507,507,507,507,71,71,71
-59,-59,-59,-59,-59,-59,-59,-59,-59,-59,-59,-59,-59,-59,-59,-59,-59,-59,-59,-59,-59,-59,-59,-59,-59,-59,-59,-59,-59,-59,-59,-59,-59,-59,-59,-59,-59,-59,-59,-59,-59,-59,-59,-59,-59,-59,-59,-59,-59,-59,-59,71,71,71
507,73,73,507,507,507,507,507,507,507,507,507,507,507,507,507,507,507,507,507,507,507,507,507,507,507,507,507,507,507,507,507,507,507,507,507,507,507,507,507,507,507,507,507,507,507,507,507,507,507,507,74,74,74
507,507,507,507,507,507,507,507,507,507,507,507,507,507,507,507,507,507,507,507,507,507,507,507,507,507,507,507,507,507,507,507,507,507,507,507,507,507,507,507,507,507,507,507,507,507,507,507,507,507,507,74,74,74
-59,-59,-59,-59,-59,-59,-59,-59,-59,-59,-59,-59,-59,-59,-59,-59,-59,-59,-59,-59,-59,-59,-59,-59,-59,-59,-59,-59,-59,-59,-59,-59,-59,-59,-59,-59,-59,-59,-59,-59,-59,-59,-59,-59,-59,-59,-59,-59,-59,-59,-59,74,74,74
508,508,508,508,508,508,508,508,508,508,508,508,508,508,508,508,508,508,508,508,508,508,508,508,508,508,508,508,508,508,508,508,508,508,508,508,76,76,76,76,76,76,76,76,76,76,76,76,76,76,76,76,76,76
-60,-60,-60,-60,-60,-60,-60,-60,-60,-60,-60,-60,-60,-60,-60,-60,-60,-60,-60,-60,-60,-60,-60,-60,-60,-60,-60,-60,-60,-60,-60,-60,76,-60,-60,-60,76,76,76,76,76,76,76,76,76,76,76,76,76,76,76,76,76,76
-60,-60,-60,-60,-60,-60,-60,-60,-60,-60,-60,-60,-60,-60,-60,-60,-60,-60,-60,-60,-60,-60,-60,-60,-60,-60,-60,-60,-60,-60,-60,-60,77,-60,-60,-60,77,77,77,77,77,77,77,77,77,77,77,77,77,77,77,77,77,77
-72,-72,-72,-72,-72,-72,-72,-72,-72,-72,-72,-72,-72,-72,-72,-72,-72,-72,-72,-72,-72,-72,-72,-72,-72,-72,-72,-72,-72,-72,-72,-72,-72,-72,-72,-72,-72,79,-72,-72,80,-72,-72,-72,-72,81,-72,-72,82,-72,-72,-72,-72,-72
508,508,508,508,508,508,508,508,508,508,508,508,508,508,508,508,508,508,508,508,508,508,508,508,508,508,508,508,508,508,508,508,508,508,508,508,83,83,83,83,83,83,83,83,83,83,83,83,83,83,83,83,83,83
508,508,508,508,508,508,508,508,508,508,508,508,508,508,508,508,508,508,508,508,508,508,508,508,508,508,508,508,508,508,508,508,508,508,508,508,84,84,84,84,84,84,84,84,84,84,84,84,84,84,84,84,84,84
508,508,508,508,508,508,508,508,508,508,508,508,508,508,508,508,508,508,508,508,508,508,508,508,508,508,508,508,508,508,508,508,508,508,508,508,85,85,85,85,85,85,85,85,85,85,85,85,85,85,85,85,85,85
508,508,508,508,508,508,508,508,508,508,508,508,508,508,508,508,508,508,508,508,508,508,508,508,508,508,508,508,508,508,508,508,508,508,508,508,86,86,86,86,86,86,86,86,86,86,86,86,86,86,86,86,86,86
-61,-61,-61,-61,-61,-61,-61,-61,-61,-61,-61,-61,-61,-61,-61,-61,-61,-61,-61,-61,-61,-61,-61,-61,-61,-61,-61,-61,-61,-61,-61,-61,83,-61,-61,-61,83,83,83,83,83,83,83,83,83,83,83,83,83,83,83,83,83,83
-62,-62,-62,-62,-62,-62,-62,-62,-62,-62,-62,-62,-62,-62,-62,-62,-62,-62,-62,-62,-62,-62,-62,-62,-62,-62,-62,-62,-62,-62,-62,-62,84,-62,-62,-62,84,84,84,84,84,84,84,84,84,84,84,84,84,84,84,84,84,84
-63,-63,-63,-63,-63,-63,-63,-63,-63,-63,-63,-63,-63,-63,-63,-63,-63,-63,-63,-63,-63,-63,-63,-63,-63,-63,-63,-63,-63,-63,-63,-63,85,-63,-63,-63,85,85,85,85,85,85,85,85,85,85,85,85,85,85,85,85,85,85
-64,-64,-64,-64,-64,-64,-64,-64,-64,-64,-64,-64,-64,-64,-64,-64,-64,-64,-64,-64,-64,-64,-64,-64,-64,-64,-64,-64,-64,-64,-64,-64,86,-64,-64,-64,86,86,86,86,86,86,86,86,86,86,86,86,86,86,86,86,86,86
-61,-61,-61,-61,-61,-61,-61,-61,-61,-61,-61,-61,-61,-61,-61,-61,-61,-61,-61,-61,-61,-61,-61,-61,-61,-61,-61,-61,-61,-61,-61,-61,87,-61,-61,-61,87,87,87,87,87,87,87,87,87,87,87,87,87,87,87,87,87,87
-62,-62,-62,-62,-62,-62,-62,-62,-62,-62,-62,-62,-62,-62,-62,-62,-62,-62,-62,-62,-62,-62,-62,-62,-62,-62,-62,-62,-62,-62,-62,-62,88,-62,-62,-62,88,88,88,88,88,88,88,88,88,88,88,88,88,88,88,88,88,88
-63,-63,-63,-63,-63,-63,-63,-63,-63,-63,-63,-63,-63,-63,-63,-63,-63,-63,-63,-63,-63,-63,-63,-63,-63,-63,-63,-63,-63,-63,-63,-63,89,-63,-63,-63,89,89,89,89,89,89,89,89,89,89,89,89,89,89,89,89,89,89
-64,-64,-64,-64,-64,-64,-64,-64,-64,-64,-64,-64,-64,-64,-64,-64,-64,-64,-64,-64,-64,-64,-64,-64,-64,-64,-64,-64,-64,-64,-64,-64,90,-64,-64,-64,90,90,90,90,90,90,90,90,90,90,90,90,90,90,90,90,90,90
508,508,508,508,508,508,508,508,508,508,508,508,508,508,508,508,508,508,508,508,508,508,508,508,508,508,508,508,508,508,508,508,508,508,508,508,92,92,92,92,92,92,92,92,92,92,92,92,92,92,92,92,92,92
-65,-65,-65,-65,-65,-65,-65,-65,-65,-65,-65,-65,-65,-65,-65,-65,-65,-65,-65,-65,-65,-65,-65,-65,-65,-65,-65,-65,-65,-65,-65,-65,93,-65,-65,-65,93,93,93,93,93,93,93,93,93,93,93,93,93,93,93,93,93,93
-65,-65,-65,-65,-65,-65,-65,-65,-65,-65,-65,-65,-65,-65,-65,-65,-65,-65,-65,-65,-65,-65,-65,-65,-65,-65,-65,-65,-65,-65,-65,-65,93,-65,-65,-65,93,93,93,93,93,93,93,93,93,93,93,93,93,93,93,93,93,93
508,508,508,508,508,508,508,508,508,508,508,508,508,508,508,508,508,508,508,508,508,508,508,508,508,508,508,508,508,508,508,508,508,508,508,508,95,95,95,95,95,95,95,95,95,95,95,95,95,95,95,95,95,95
-66,-66,-66,-66,-66,-66,-66,-66,-66,-66,-66,-66,-66,-66,-66,-66,-66,-66,-66,-66,-66,-66,-66,-66,-66,-66,-66,-66,-66,-66,-66,-66,96,-66,-66,-66,96,96,96,96,96,96,96,96,96,96,96,96,96,96,96,96,96,96
-66,-66,-66,-66,-66,-66,-66,-66,-66,-66,-66,-66,-66,-66,-66,-66,-66,-66,-66,-66,-66,-66,-66,-66,-66,-66,-66,-66,-66,-66,-66,-66,96,-66,-66,-66,96,96,96,96,96,96,96,96,96,96,96,96,96,96,96,96,96,96
508,508,508,508,508,508,508,508,508,508,508,508,508,508,508,508,508,508,508,508,508,508,508,508,508,508,508,508,508,508,508,508,508,508,508,508,98,98,98,98,98,98,98,98,98,98,98,98,98,98,98,98,98,98
-67,-67,-67,-67,-67,-67,-67,-67,-67,-67,-67,-67,-67,-67,-67,-67,-67,-67,-67,-67,-67,-67,-67,-67,-67,-67,-67,-67,-67,-67,-67,-67,99,-67,-67,-67,99,99,99,99,99,99,99,99,99,99,99,99,99,99,99,99,99,99
-67,-67,-67,-67,-67,-67,-67,-67,-67,-67,-67,-67,-67,-67,-67,-67,-67,-67,-67,-67,-67,-67,-67,-67,-67,-67,-67,-67,-67,-67,-67,-67,99,-67,-67,-67,99,99,99,99,99,99,99,99,99,99,99,99,99,99,99,99,99,99
-68,-68,-68,-68,-68,-68,-68,-68,-68,101,-68,-68,-68,-68,-68,-68,-68,-68,-68,-68,-68,-68,-68,-68,-68,-68,-68,-68,-68,-68,-68,-68,103,-68,-68,-68,100,100,100,100,100,100,100,100,100,100,100,100,100,100,100,103,103,103
511,511,511,511,511,511,511,511,511,511,511,511,511,511,511,511,511,511,511,511,511,511,511,511,511,511,511,511,511,511,511,511,511,511,511,511,102,102,102,102,102,102,102,102,102,102,102,102,102,102,102,511,511,511
-68,-68,-68,-68,-68,-68,-68,-68,-68,-68,-68,-68,-68,-68,-68,-68,-68,-68,-68,-68,-68,-68,-68,-68,-68,-68,-68,-68,-68,-68,-68,-68,-68,-68,-68,-68,102,102,102,102,102,102,102,102,102,102,102,102,102,102,102,-68,-68,-68
-109,-109,-109,-109,-109,-109,-109,-109,-109,-109,-109,-109,-109,-109,-109,-109,-109,-109,-109,-109,-109,-109,-109,-109,-109,-109,-109,-109,-109,-109,-109,-109,103,-109,-109,-109,103,103,103,103,103,103,103,103,103,103,103,103,103,103,103,103,103,103