Tabla,Izquierdo,Bin,Dec,Oct,Hex,Real,Exp,Cadena,Boolean,Variant
SUMA,Bin,-1,547,547,547,547,547,-7,547,-1
SUMA,Dec,547,-2,547,547,-5,-6,-7,547,-2
SUMA,Oct,547,547,-3,547,547,547,-7,547,-3
SUMA,Hex,547,547,547,-4,547,547,-7,547,-4
SUMA,Real,547,-5,547,547,-5,-6,-7,547,-5
SUMA,Exp,547,-6,547,547,-6,-6,-7,547,-6
SUMA,Cadena,-7,-7,-7,-7,-7,-7,-7,-7,-7
SUMA,Boolean,547,547,547,547,547,547,-7,-7,-8
SUMA,Variant,-1,-2,-3,-4,-5,-6,-7,-8,0
RESTA,Bin,-1,548,548,548,548,548,548,548,-1
RESTA,Dec,548,-2,548,548,-5,-6,548,548,-2
RESTA,Oct,548,548,-3,548,548,548,548,548,-3
RESTA,Hex,548,548,548,-4,548,548,548,548,-4
RESTA,Real,548,-5,548,548,-5,-6,548,548,-5
RESTA,Exp,548,-6,548,548,-6,-6,548,548,-6
RESTA,Cadena,548,548,548,548,548,548,548,548,-7
RESTA,Boolean,548,548,548,548,548,548,548,548,-8
RESTA,Variant,-1,-2,-3,-4,-5,-6,-7,-8,0
MULT,Bin,-1,549,549,549,549,549,549,549,-1
MULT,Dec,549,-2,549,549,-5,-6,549,549,-2
MULT,Oct,549,549,-3,549,549,549,549,549,-3
MULT,Hex,549,549,549,-4,549,549,549,549,-4
MULT,Real,549,-5,549,549,-5,-6,549,549,-5
MULT,Exp,549,-6,549,549,-6,-6,549,549,-6
MULT,Cadena,549,549,549,549,549,549,549,549,-7
MULT,Boolean,549,549,549,549,549,549,549,549,-8
MULT,Variant,-1,-2,-3,-4,-5,-6,-7,-8,0
DIV,Bin,-1,550,550,550,550,550,550,550,-1
DIV,Dec,550,-5,550,550,-5,-6,550,550,-2
DIV,Oct,550,550,-3,550,550,550,550,550,-3
DIV,Hex,550,550,550,-4,550,550,550,550,-4
DIV,Real,550,-5,550,550,-6,-6,550,550,-5
DIV,Exp,550,-6,550,550,-6,-6,550,550,-6
DIV,Cadena,550,550,550,550,550,550,550,550,-7
DIV,Boolean,550,550,550,550,550,550,550,550,-8
DIV,Variant,-1,-2,-3,-4,-5,-6,-7,-8,0
REL,Bin,-8,551,551,551,551,551,551,551,-8
REL,Dec,551,-8,551,551,-8,-8,551,551,-8
REL,Oct,551,551,-8,551,551,551,551,551,-8
REL,Hex,551,551,551,-8,551,551,551,551,-8
REL,Real,551,-8,551,551,-8,-8,551,551,-8
REL,Exp,551,-8,551,551,-8,-8,551,551,-8
REL,Cadena,551,551,551,551,551,551,551,551,-8
REL,Boolean,551,551,551,551,551,551,551,551,-8
REL,Variant,-8,-8,-8,-8,-8,-8,-8,-8,-8
LOG,Bin,552,552,552,552,552,552,552,552,-8
LOG,Dec,552,552,552,552,552,552,552,552,-8
LOG,Oct,552,552,552,552,552,552,552,552,-8
LOG,Hex,552,552,552,552,552,552,552,552,-8
LOG,Real,552,552,552,552,552,552,552,552,-8
LOG,Exp,552,552,552,552,552,552,552,552,-8
LOG,Cadena,552,552,552,552,552,552,552,552,-8
LOG,Boolean,552,552,552,552,552,552,552,-8,-8
LOG,Variant,-8,-8,-8,-8,-8,-8,-8,-8,-8
