Estado,Lexema,Linea
-74,var,1
-62,#DX,2
-7,",",2
-62,#DE,2
-7,",",2
-62,#DT,2
-7,",",2
-65,$A,2
-7,",",2
-65,$B,2
-7,",",2
-65,$C,2
-9,";",2
-75,def,4
-62,#DAmb1,4
-49,(,4
-65,$B,4
-7,",",4
-60,@T,4
-7,",",4
-64,#XQ,4
-50,),4
-74,var,5
-62,#DX,6
-7,",",6
-63,#OE,6
-7,",",6
-64,#XT,6
-7,",",6
-65,$A,6
-7,",",6
-65,$B,6
-7,",",6
-65,$C,6
-9,";",6
-75,def,7
-62,#DAmb4,7
-49,(,7
-65,$T,7
-50,),7
-77,main,8
-49,(,8
-50,),8
-45,{,9
-46,},10
-9,";",10
-77,main,11
-49,(,11
-50,),11
-45,{,12
-62,#DX,13
-33,=,13
-49,(,13
-55,35,13
-11,+,13
-64,#XT,13
-13,*,13
-55,8,13
-12,-,13
-55,54,13
-13,*,13
-63,#OE,13
-14,/,13
-55,58,13
-20,<,13
-55,35,13
-15,%,13
-63,#OE,13
-50,),13
-30,&&,13
-49,(,13
-65,$A,13
-13,*,13
-65,$B,13
-14,/,13
-55,854,13
-21,>,13
-55,58,13
-11,+,13
-65,$T,13
-14,/,13
-55,85,13
-13,*,13
-55,985,13
-11,+,13
-55,6547,13
-50,),13
-9,";",13
-46,},14
-9,";",14
-75,def,16
-62,#DAmb2,16
-49,(,16
-60,@Q,16
-50,),16
-74,var,17
-62,#DA,18
-7,",",18
-62,#DS,18
-7,",",18
-62,#DT,18
-7,",",18
-65,$A,18
-9,";",18
-75,def,19
-63,#OAmb5,19
-49,(,19
-60,@Q,19
-50,),19
-74,var,20
-67,¡Q,21
-9,";",21
-77,main,22
-49,(,22
-50,),22
-45,{,23
-46,},23
-9,";",23
-75,def,24
-62,#DAmb6,24
-49,(,24
-60,@Q,24
-7,",",24
-62,#DK,24
-50,),24
-74,var,25
-67,¡Q,26
-9,";",26
-77,main,27
-49,(,27
-50,),27
-45,{,28
-62,#DX,29
-33,=,29
-49,(,29
-55,35,29
-11,+,29
-55,5,29
-13,*,29
-55,8,29
-12,-,29
-55,54,29
-13,*,29
-64,#XE,29
-14,/,29
-55,58,29
-20,<,29
-55,35,29
-15,%,29
-62,#DE,29
-50,),29
-30,&&,29
-49,(,29
-65,$A,29
-13,*,29
-65,$B,29
-14,/,29
-55,854,29
-21,>,29
-55,58,29
-11,+,29
-62,#DT,29
-14,/,29
-55,85,29
-13,*,29
-55,985,29
-11,+,29
-55,6547,29
-50,),29
-9,";",29
-46,},30
-9,";",30
-77,main,31
-49,(,31
-50,),31
-45,{,32
-46,},32
-9,";",32
-75,def,33
-62,#DAmb3,33
-49,(,33
-66,¿A,33
-7,",",33
-65,$T,33
-7,",",33
-65,$Y,33
-50,),33
-74,var,34
-62,#DA,35
-7,",",35
-63,#OS,35
-7,",",35
-64,#XT,35
-7,",",35
-65,$A,35
-9,";",35
-75,def,36
-63,#OAmb7,36
-49,(,36
-60,@Q,36
-50,),36
-74,var,37
-67,¡Q,38
-9,";",38
-77,main,39
-49,(,39
-50,),39
-45,{,40
-46,},40
-9,";",40
-75,def,42
-65,$Amb8,42
-49,(,42
-60,@Q,42
-7,",",42
-62,#DK,42
-50,),42
-74,var,43
-67,¡Q,44
-9,";",44
-77,main,45
-49,(,45
-50,),45
-45,{,46
-65,$X,47
-33,=,47
-55,35,47
-11,+,47
-67,¡Q,47
-13,*,47
-55,8,47
-12,-,47
-55,54,47
-13,*,47
-64,#XE,47
-14,/,47
-55,58,47
-9,";",47
-46,},48
-9,";",48
-77,main,49
-49,(,49
-50,),49
-45,{,50
-46,},50
-9,";",50
-77,main,52
-49,(,52
-50,),52
-45,{,52
-62,#DX,53
-33,=,53
-55,35,53
-11,+,53
-67,¡Q,53
-13,*,53
-55,8,53
-12,-,53
-55,54,53
-13,*,53
-62,#DE,53
-14,/,53
-55,58,53
-9,";",53
-46,},54
